{
  "am_loss": [
    14.070320421218872,
    19.886630083084107,
    26.904642364501953,
    33.17654121780396,
    39.36839093017578,
    43.185728302001955,
    44.524024658203125,
    43.87634481048584,
    44.14588754272461,
    41.069488258361815,
    27.81957424926758,
    19.858603261947632,
    16.225472303390504,
    15.702746315002441,
    14.923697681427003,
    14.534290532112122,
    14.495367336273194,
    15.24128175830841,
    16.82935705947876,
    16.488906394958494
  ],
  "cm_loss": [
    15.238274474143982,
    25.691959857940674,
    37.7974804019928,
    58.1055952835083,
    88.06475719451905,
    113.87869625091552,
    128.55384059906007,
    145.75795001983641,
    161.58979850769043,
    183.78125869750977,
    206.25398590087892,
    228.36077713012696,
    246.50331115722656,
    257.4120578765869,
    263.21362678527834,
    266.32787399291993,
    273.5812411499023,
    275.3205862426758,
    277.23754859924315,
    276.400615234375
  ],
  "stage": [
    1,
    2,
    3,
    4,
    5,
    6,
    7,
    8,
    9,
    10,
    11,
    12,
    13,
    14,
    15,
    16,
    17,
    18,
    19,
    20
  ]
}